Country Name,Access to clean fuels and technologies for cooking (% of population) ,Access to electricity (% of population) ,Adjusted savings: natural resources depletion (% of GNI) ,CO2 emissions (metric tons per capita) ,Energy use (kg of oil equivalent per capita) ,Forest area (% of land area) ,Agricultural land (% of land area) ,GDP growth (annual %) ,Net migration ,"PM2.5 air pollution, mean annual exposure (micrograms per cubic meter) ",Population density (people per sq. km of land area) ,Renewable energy consumption (% of total final energy consumption) ,Tree Cover Loss (hectares) 
Afghanistan,12.5,28.66967201,5.640906544,0.08036113437,5618.169063,1.852781994,58.13440044,11.22971482,252185,46.15192895,37.42727412,33.88,236
Albania,52,99.37112427,0.4490981448,1.360092207,719.5843781,28.30967153,39.30656934,5.526424247,-50855,22.16948971,109.9082847,36.77,695
Algeria,98.4,98.61431885,22.88392887,2.85792657,983.6821598,0.7341271507,17.3028962,5.899999997,-111256,34.00185152,13.83723244,0.58,4470
Andorra,100,100,4.747532507,7.206273645,2385.144571,34.04255319,46.38297872,5.397795985,2467,12.17828755,169.8425532,16.61,2
Angola,42.6,29.44830894,34.12711865,0.8128750875,433.1856337,60.10532205,35.4399615,15.02999999,64009,28.31636067,15.60195636,68.38,93435
Antigua and Barbuda,100,92.2,2.843158521,4.716473225,1715.308818,20.71590909,20.45454545,6.473831316,202,16.5773788,181.5204545,17.58642857,61
Argentina,98,96.7252655,4.876556062,3.736716865,1712.85349,11.61841495,47.47373652,8.85165992,-21961,13.29202423,14.27655343,9.64,367249
Armenia,90.8,99.8,0.009843667988,1.463912004,824.4519806,11.64734809,56.37513172,13.9,-31023,31.92346789,107.0335792,6.49,104
Australia,100,100,1.850911484,18.27847309,5624.192019,17.01054372,53.39937258,3.154139257,132109,6.904730947,2.626406675,6.71,177023
Austria,100,100,0.09579279492,9.266405512,4085.567651,46.66347552,34.61948619,2.244065325,50282,16.47804063,99.70708919,24.41,21657
Azerbaijan,85.1,99.11943817,21.05257624,3.580068757,1599.960676,12.21700097,57.56835229,27.96153811,16436,23.1507772,101.5225018,3.36,246
"Bahamas, The",100,100,0.006371150231,5.622707042,2001.127072,50.93506494,1.098901099,3.396084205,800,16.44163266,34.74565435,1.71,1450
Bahrain,100,100,22.74775988,22.94402725,11510.31853,0.6013513514,12.66216216,6.768997871,53401,66.59652745,1218.812162,32.91,48788.85714
Bangladesh,9.3,44.23,0.8717232324,0.2321353968,161.7588677,14.62960052,71.5295383,6.535944939,-715970,55.06194439,1082.527387,50.66,3293
Barbados,100,99.86960602,0.3348981065,4.921013667,1447.247817,14.65116279,37.20930233,3.955457604,-172,19.76708368,626.6906977,6.38,10
Belarus,97.1,91.52557373,0.9936050444,5.842828709,2768.821539,41.66728294,44.12003964,9.400001589,-11902,21.00241299,47.64468799,6.83,36192
Belgium,100,100,0.0155229234,10.58920275,5555.615784,22.41033686,45.67371202,2.321737054,46280,15.83183972,346.0573646,2.44,3028
Belize,82.7,83.47122192,0.2038132384,1.552563531,574.2309407,62.48772468,6.663743972,2.219189271,2397,21.00124164,12.291758,31.01,8104
Benin,2.4,26.10182953,0.0004264551578,0.3558045058,306.6825991,34.45503725,30.89748138,1.713164564,30492,41.76793893,72.2722508,59.2,1591
Bhutan,46.6,59.80811164,2.495677197,0.5961198391,307.5424793,69.67088176,15.55736286,7.287249352,1779,39.28993221,17.40228769,91.67,770
Bolivia,68.8,68.288209,7.108352418,1.053918213,553.9249309,49.93418259,34.11981907,4.421433127,-14657,27.56278704,8.65631681,25.07,250748
Bosnia and Herzegovina,48.7,99.08548737,0.4184788134,3.962926969,1230.974939,41.15537109,42.12890625,3.89717799,-37107,35.95591128,79.96673828,19.73,574
Botswana,51.95,37.45757675,2.006899949,2.260452333,986.0492908,30.04817109,45.55079138,4.556645653,4771,24.43023197,3.339874367,33,49
Brazil,91.6,97.093513,2.017600869,1.775662922,1152.75657,63.57092009,27.3795366,3.202132061,-42926,14.56811401,22.34915113,46.13,3486563
Brunei Darussalam,100,100,24.72254803,13.61076798,6048.015227,73.71916509,2.466793169,0.3875072082,1163,6.693596917,69.5857685,10.53357143,1278
Bulgaria,38.08571429,90.64060974,0.330612946,6.265279466,2597.896167,32.73195876,48.46281296,7.056349601,-3832,23.85248605,70.4986377,9.83,6567
Burkina Faso,3.9,11.14756775,0.03207785397,0.08296911667,3433.721044,25.4623538,39.04605263,8.661873228,9794,54.9070878,50.71683845,87.7,17
Burundi,0.3,3.207317073,27.07463546,0.02178951759,2956.239703,7.552180685,70.83333333,0.9000000009,17913,33.64156521,287.7287383,96.01,985
Cabo Verde,65,67,1.342408303,0.9161429873,200.881851,10.22828784,18.85856079,6.912457957,-3673,42.85174163,122.2895782,23.88,5
Cambodia,6.8,20.5,3.761556917,0.2006177744,259.3807777,60.53203603,30.34217086,13.25008691,-11435,29.35286761,75.04295831,79.24,64649
Cameroon,14.7,47.2206955,6.460597329,0.2903762863,408.3631357,44.95141842,19.48975059,2.228270209,-27782,61.29110011,36.54496626,86.31,25159
Canada,100,100,3.31552316,17.0275681,8422.034308,38.7662262,6.876959575,3.210454357,204710,9.020255828,3.596389418,21.26,2920793
Central African Republic,0.5,7.431255341,0.001577897763,0.05324515056,917.6337145,36.52284182,7.937654499,0.9082105149,-13609,41.7241462,6.755969694,90.96,29317
Chad,2.3,4.753861904,28.04085699,0.07962009441,2956.239703,4.718472046,38.85800508,17.33253374,19281,59.44666881,7.945530496,83.82,472
Chile,100,97.6824646,6.120534719,3.460143672,1753.53055,21.8836042,21.36424525,5.837045715,14336,21.10676982,21.75469381,32.26,106926
China,47.3,97.93093872,3.246712338,4.467696361,1393.691324,20.11090813,56.01090318,11.39459181,-519752,51.55204637,138.8677661,17.44,383588
Colombia,82.3,96.8,5.226452712,1.37815501,641.4757938,55.67520955,38.35691753,4.828761108,-41348,23.55652816,38.05402434,28.94,188744
Comoros,1.4,50.95787811,1.300635147,0.2480246607,62.42797583,21.21977431,71.46695325,2.83754787,-2717,17.37458137,318.4755508,65.74,87
"Congo, Dem. Rep.",2.1,6,22.70693153,0.03905730067,294.666476,61.98981055,11.27015284,6.135151155,20379,35.92843565,24.94441984,97.42,485293
"Congo, Rep.",11.5,33.8,44.67845147,1.174358582,295.8969887,64.81698389,30.88433382,7.755758978,38337,36.89651998,10.75501903,63.11,18853
Costa Rica,90.7,99.053051,0.456865199,1.453675687,895.6979179,56.09498629,35.35056796,3.976666368,7022,18.192241,84.52579318,41.73,16563
Cote d'Ivoire,16.6,58.9,2.743029875,0.3097750869,507.0279383,14.24533019,63.52201258,0.9960655649,-117468,56.69825521,59.65476415,77.92,65321
Croatia,100,99.87893677,0.5496638533,4.975470663,2261.483778,33.99506826,21.63891073,4.307492848,-3834,23.07265013,77.01638553,26.82,2747
Cuba,82.8,96.76560974,1.137939917,2.340177238,948.738382,25.2113867,62.35437805,11.20165656,-11973,19.00076003,105.6568395,26.31,12834
Cyprus,100,100,0.001011839189,7.618445185,2140.019594,18.63906926,18.07359307,4.853003838,13237,17.96776089,112.2361472,3.34,35
Czechia,100,99.95427704,0.2203481369,11.93722667,4400.878113,34.2652731,46.66696868,6.60161753,24895,20.87395739,132.1669169,7.53,25560
Denmark,100,100,1.451072556,9.263313941,3487.631914,14.476125,67.675,2.336641308,11693,13.09783363,135.4858,16.12,9049
Djibouti,4.8,56.75147629,0.5241302134,0.5166929246,167.2963348,0.2415875755,73.4124245,2.91208603,-3779,39.76661984,35.84387403,33.09,2989.428571
Dominica,84.8,86.01795197,0.02350430424,2.160934269,597.0236188,63.82666667,29.33333333,0.6558622689,-314,17.52865528,91.56533333,10.02,52
Dominican Republic,86.6,90.141224,0.5774285392,2.039418783,754.4926396,41.87114469,50.03104947,9.428236947,-30883,17.47346106,189.7074726,19.44,25088
Ecuador,91.6,95.83265,13.96217338,2.049402717,678.1055093,53.87077227,30.19809953,5.291308267,-16816,19.62900732,55.44375906,16.16,40379
"Egypt, Arab Rep.",95.6,99.4,10.2520913,2.051425407,777.4377615,0.06271033201,3.539102918,4.471744472,-18144,69.6572716,79.4367472,6.48,53
El Salvador,67.8,87.525839,0.5119809168,1.132246969,746.5600564,31.43725869,58.81274131,2.680830094,-91042,24.81827804,291.4004344,34.08,5881
Equatorial Guinea,20.5,64.99359131,87.71346965,6.487488522,1444.388165,91.7573975,3.671301248,16.74870061,15549,40.2537776,30.82802139,7.1,1609
Eritrea,5.7,34.49744797,3.222208424,0.2082930164,269.0784297,9.11098558,62.15228042,2.574449551,-12841,42.13880224,23.3978465,74.69,36024.92857
Estonia,100,99.95427704,0.8442745358,12.40626672,3846.392943,53.9621373,20.80443501,9.526426972,-5242,8.36496091,31.95977825,18.9,14818
Eswatini,30.8,34.21650314,1.21683099,0.9166086692,372.2410779,27.86947674,71.1627907,5.99877655,-8000,23.11401387,62.31895349,66.56,12448.21429
Ethiopia,1.2,14,23.54152637,0.06518012019,475.9016336,16.0938364,29.76342988,11.81876595,-44423,31.47408068,68.64252708,94.73,15869
Fiji,29.5,81.57129669,0.7958567219,1.224222017,660.629564,56.91598248,18.76299945,0.7000004024,-6729,11.098569,47.88850575,40.02,1666
Finland,100,100,0.02852743165,10.57170894,6562.022311,73.35703733,7.465117043,2.779850556,9406,7.114175404,17.22346761,31.52,230334
France,100,100,0.00936008844,6.026677842,4286.543803,28.95315008,53.67550776,1.66321998,155943,14.89539999,115.4005793,8.66,46391
Gabon,73,81.6,29.63787475,4.154206835,2059.642624,91.87994334,8.120056662,2.676203333,8555,34.34349626,5.659770249,85.25,17699
"Gambia, The",3.3,30.4562675,2.690589172,0.1984499822,65.04582117,32.47677866,47.92490119,-2.351729362,-3204,55.3530761,164.0679842,61.71,6
Georgia,54.3,97.93505412,0.4519975244,1.087286023,727.880734,40.17124766,36.26421068,9.589574062,-31214,16.51679403,68.27511459,41.48,549
Germany,100,100,0.06827769913,9.729463121,4086.503407,32.6341897,48.83300837,0.7317071636,102694,15.08202344,236.4646806,7.28,39739
Ghana,9.95,41.25,11.34426786,0.2814203578,261.5999386,36.89799596,53.26351235,5.900003819,21273,52.84830506,98.87031291,61.43,41346
Greece,100,100,4.968279159,9.278637163,2753.051201,29.10020403,62.10240497,0.5991420365,-7559,19.15743208,85.23905353,8.01,4181
Grenada,93.2,87.51604462,0.5606420923,2.067952183,716.5272915,52.05882353,26.47058824,13.27618833,-369,19.66107509,324.2764706,10.58,47
Guatemala,37.9,78.30607605,0.7274985419,0.8925964907,602.3859363,37.0091452,42.57185517,3.276026926,-49600,29.198214,120.8313923,65.24,100829
Guinea,0.8,20.2,15.26155699,0.200829005,1175.133409,27.46622172,57.46784958,2.997272563,-71104,50.87115318,37.19727332,81.56,14581
Guinea-Bissau,1.2,5.221800804,13.66253742,0.1518431732,63.0565922,74.9166074,25.0833926,4.266098931,-4662,52.66763856,49.06518492,88.53,3928
Guyana,47.7,77.5,16.39080763,1.950220413,651.5652704,94.19362459,5.293370587,-1.950957595,-13000,22.24598196,3.859329439,34.87,5832
Haiti,3.2,34.53017044,0.3552669939,0.1870959953,373.810731,13.77050073,64.22351234,3.072173377,-26304,18.63563931,330.6204644,81.11,2033
Honduras,37.35,68.903309,1.195369109,0.9218713502,543.3159634,59.67351863,28.15264992,6.050599222,-6187,25.50601519,67.60758781,51.37,40472
Hungary,100,99.92795563,0.2511703483,5.543852449,2731.039703,22.13793103,65.42796563,4.29427761,16615,20.28580736,112.5662872,7.29,10398
Iceland,100,100,6.183843371,7.620461423,10524.8775,0.3715710723,18.77306733,6.124438965,3918,6.649553492,2.95994015,62.7,26042.92857
India,28.1,68.8404541,1.82951156,0.9842614726,447.0279363,23.05385798,60.58341377,7.923430621,-550186,70.80607699,388.3501266,44.16,62505
Indonesia,16,84.77742004,7.223341486,1.495368915,785.6755965,53.51189522,27.76536482,5.692571303,-102380,21.75442599,121.8656876,41.57,1182442
"Iran, Islamic Rep.",95.4,98.40142059,9.241843875,6.423183788,2460.267128,6.145055134,29.24371915,3.189804081,323987,38.35606228,43.08958594,1.4,173
Iraq,86.8,97.42424774,11.18265803,2.966264934,920.9587799,1.878272401,20.21172005,1.671889624,51019,50.85365062,65.61648947,2.43,5
Ireland,100,100,0.05290726806,11.21429433,3503.642864,9.803599942,62.44737988,5.739781672,64192,10.4600038,60.38487444,2.89,8094
Israel,100,100,0.03749203142,8.803971083,2661.449185,7.093345656,23.7754159,4.134076619,13756,23.26803051,320.2449168,7.03,137
Italy,100,100,0.07658070384,8.173814347,3214.674121,29.41533826,49.83125816,0.8178489737,250910,21.57351808,196.0296093,6.7,10896
Jamaica,82.2,87.95703125,0.622399024,3.946298335,1387.249553,49.83610342,43.1209603,0.8937979359,-18072,15.37177139,247.1710988,5.43,7598
Japan,100,100,0.006605732743,9.512764042,4062.979049,68.37037037,13.93689986,1.803900872,153248,12.05741833,350.5432099,4.01,36374
Jordan,99.8,99.0349884,0.08148868208,3.498966459,1175.720177,1.10494107,11.4800544,8.146594811,3500,33.33893938,64.35328649,1.69,10434.92857
Kazakhstan,88.5,100,20.97940559,11.17166937,3358.971122,1.15551828,78.63318146,9.699999999,22958,17.53591329,5.610634145,2.09,3167
Kenya,4,24.52250099,4.076461319,0.2429371864,446.4582913,6.657000035,47.44351126,5.90666608,5496,23.2584201,62.97749236,80.69,12745
Kiribati,1.6,69.67640546,0.01968762748,0.6295586977,81.49627155,1.456790123,41.97530864,4.951631626,-226,10.27696685,121.1901235,48.51,7559.214286
"Korea, Dem. People's Rep.",3.3,79.8145067,3.186213459,3.223030497,885.2690318,52.72435844,21.59289096,3.440723382,-2860,40.67379917,200.1576447,9.23,16529
"Korea, Rep.",100,100,0.0178790151,9.982494185,4364.219091,66.40681466,19.42178627,4.308542714,-36504,23.59097074,497.5174084,0.87,8922
Kuwait,100,100,11.26363298,31.27431609,11757.02547,0.3114478114,8.417508418,10.60904498,68878,65.2862992,125.4434905,33.46428571,44687.5
Kyrgyz Republic,62.9,99.44230769,1.910285263,1.027970403,498.5427885,6.284098019,56.02189781,-0.1755154125,-27130,22.57651105,26.91657977,28.03,82
Lao PDR,2.1,57.2,5.370922966,0.2148106004,1014.377608,74.44865685,8.600519931,7.107568368,-24171,25.8689361,25.35948873,73.93,68327
Latvia,100,99.66556549,0.01576148183,3.446044062,2022.56433,53.13706269,27.86571745,10.72036596,-17620,17.02533531,35.97793562,36.3,40712
Lebanon,83.62142857,99.18357086,0.6087112858,3.721459456,1085.98174,13.46676442,63.83186706,2.68577931,1224,28.8068316,453.8654936,6.97,300
Lesotho,23.7,9.618612289,2.666490599,0.9616045926,16.68837842,1.137022398,76.64690382,3.466122481,-22692,27.37260881,65.13254282,55.31,2
Liberia,0.4,88.24690947,23.98554401,0.2044503934,5806.35967,83.79713455,15.7595816,5.281212453,101019,51.11912488,33.9111088,87.76,11324
Libya,64.1,90.11218262,22.23317146,9.079175592,3044.374036,0.1233276879,8.743762574,11.87075652,41035,43.8599594,3.31790468,2.61,22
Liechtenstein,74.31428571,100,4.600855896,6.617528018,1291.840888,41.8725,39.875,4.828076777,141,15.31405039,216.26875,49.87,6
Lithuania,100,99.3609314,0.1804567568,3.861276715,2662.800735,33.42373963,45.26164646,7.732367604,-35453,14.05574145,53.00778558,17.51,20385
Luxembourg,100,100,0.01036673847,25.61043774,9428.811286,34.06539624,50.10759538,2.482874748,6190,12.52862468,180.681774,1.87,68
Madagascar,1.1,16.03244019,5.582039664,0.09097618365,1659.167258,22.00420435,70.31846477,4.755845095,485,17.76292144,32.31449427,84.89,93628
Malawi,2.1,6.619356632,6.879177382,0.06697637,1193.378284,30.45927026,54.9427238,3.268726021,-31428,24.53315863,135.2953755,83.17,9445
Malaysia,98.1,98.74138641,12.13150842,6.440996321,2535.507347,58.80231319,21.71483792,5.332139161,245376,20.10216491,78.9028641,3.01,375420
Maldives,77.4,90.85275269,0.005054153164,2.041899823,732.856054,2.733333333,30,-11.22316606,195,13.30959933,1023.393333,1.95,4
Mali,0.9,18.15791702,2.887015534,0.113864739,755.5140815,10.89666363,33.10304133,6.534778775,-17436,59.6884795,10.80204804,82.33,83
Malta,100,100,3.866771483,6.503662396,2181.143737,1.09375,29.0625,3.383593722,456,15.31761524,1261.98125,0.14,8921.357143
Marshall Islands,31.1,75.73740387,2.022279658,2.188195889,533.7063143,52.22222222,47.22222222,1.784691405,-1637,10.02699513,301.8722222,18.38,2629
Mauritania,36.9,18.2,5.520352787,0.4806862394,1118.619148,0.3826913748,38.52721451,8.566287249,-18723,65.2745712,2.922635102,38.77,67902.78571
Mauritius,95.9,99.00126648,0.00640730222,2.411390478,945.7237672,19.78325123,47.29064039,1.77754302,-3221,16.20307148,605.0512315,17.65,174
Mexico,84.8,98.932728,4.688564789,4.098800784,1694.093928,34.80662054,54.82136886,2.113247115,-318048,23.14446696,54.24131382,10.31,206856
"Micronesia, Fed. Sts.",10.9,55.22730255,0.0103395409,1.101496304,1563.758384,91.42142857,7.857142857,2.041867164,-3055,10.89265862,158.4857143,1.35,3164.928571
Moldova,81.1,98.6,0.02417374068,2.829921235,1210.523765,10.92885375,75.9805412,7.500000149,-51269,18.4986738,100.5668883,4.27,110
Mongolia,26.6,86.2,8.712077485,4.320847278,1170.471485,9.150473846,73.29166784,7.253665438,-8663,25.01117947,1.64641174,5.34,7467
Montenegro,65.6,99.83022071,0.6633577372,3.263759216,1745.974431,47.21812571,34.76251088,4.180604509,-1986,25.70762668,249.7016473,47.61,172
Morocco,94,78.63751984,0.1733721115,1.432046541,487.7826894,12.52645082,67.19471208,3.19224973,-58941,32.57264648,68.18709836,20.13,1526
Mozambique,2.5,11.84832191,1.551497744,0.08456238483,420.0043105,50.96781454,49.03218546,6.31202378,-52323,22.00218626,25.70145985,93.67,150558
Myanmar,4.1,47.25225449,17.64277423,0.227478687,312.1266656,50.74469665,17.2385821,13.56895002,-185133,36.57941224,73.04467828,79.58,91847
Namibia,37.3,39.58395386,0.9065082033,1.286639682,675.3515907,9.357622466,47.15227927,2.529262658,-8195,24.55185999,2.384172041,34.54,64
Nauru,100,98.97237396,5.454405114,6.05737546,1463.049741,38.630982,20,-7.843137255,-234,5.69686128,515.9,21.98142857,8918.071429
Nepal,13.5,46.08046341,0.002203182395,0.1213082236,347.4065735,40.95845832,29.3128706,3.479181048,-238799,69.70727002,183.3631671,89.52,2758
Netherlands,100,100,0.2568804704,10.28966656,4989.46793,10.85574645,57.39632701,2.050876108,13610,15.30183547,483.4084123,2.74,1472
New Zealand,100,100,0.5500122319,8.280848593,4095.143085,37.40564354,44.47989062,3.353315797,19148,6.348300787,15.69974555,26.79,52519
Nicaragua,39.1,73.821815,0.1005738056,0.7954090049,524.5849526,39.83492604,43.62639189,4.282398363,-33283,23.06554667,45.32722287,52.76,95150
Niger,1,7.1,0.1847093482,0.05356240799,125.1111043,0.999447383,33.91884424,7.331868843,-9710,79.28608804,10.93804453,87.54,32416.07143
Nigeria,0.9,46.82321548,10.23136711,0.7026727359,749.5895779,26.43533494,72.74723586,6.438516525,-46749,67.47106169,154.2548854,84.01,13280
North Macedonia,62.4,99.05445099,0.114784774,4.360546038,1375.006566,37.71097129,48.28942194,4.724088642,-2250,37.15307677,80.09653952,19.03,1307
Norway,100,100,8.593409424,7.865911966,5802.71629,33.14907295,2.83646001,2.685122891,18467,8.168736987,12.65808884,58.56,24919
Oman,100,99.94677734,33.25586515,12.33070875,3938.228175,0.009693053312,4.733441034,2.490221143,-630,42.79003956,8.126630048,22.78785714,9827.357143
Pakistan,29.3,78.05709076,2.155200263,0.6974091692,438.7837325,5.581277242,46.65447281,7.276574436,-632467,55.20881643,226.1987573,47.96,948
Palau,52.5,98.91650733,4.600855896,11.43159699,1139.309855,87.10869565,9.347826087,3.959863679,-277,6.818266909,43.11086957,22.10857143,43
Panama,100,84.12281036,5.827513599,2.152657033,881.5666566,58.98661555,29.99730966,7.191279345,3843,16.00965098,44.46957224,22.77,12349
Papua New Guinea,6.3,14.1203022,25.01193196,0.6653363735,4202.132927,79.9991737,2.50187696,6.344795923,46016,14.99480834,14.35061167,58.56,39021
Paraguay,49.8,94.686886,1.859234526,0.6752934792,722.9456271,53.5638812,39.12695696,2.133490665,-42163,14.87514828,13.78524541,68.81,262651
Peru,56.65,77.173645,5.509971688,1.11171717,484.7619131,58.33891797,18.744375,6.285060325,-221582,28.12519868,21.99005234,38.35,163023
Philippines,40.6,79.82649994,0.3530351142,0.8832494312,450.4178875,23.72636415,38.08230204,4.942505119,-223074,26.98519517,289.3022437,31.22,49782
Poland,100,99.80590057,0.2825921889,7.89596453,2414.16179,30.01338426,51.92439526,3.506834614,-21324,26.83820327,124.5893154,7.22,82379
Portugal,100,100,0.1315084378,6.233623051,2519.004925,35.71116213,41.80485405,0.7818482159,17155,10.95942529,114.8281404,18.07,38934
Qatar,100,100,14.30745431,45.40608688,19635.42435,31.14270224,5.56416882,7.492758483,106609,82.72531438,73.10163652,0.03,40787.57143
Romania,100,95.59192657,1.425492307,4.441102202,1810.327263,28.0046091,61.65753544,4.668148051,-129933,18.68745983,92.70234368,18.48,19418
Russian Federation,99.3,98.03403473,9.473704119,11.23185215,4540.908156,49.58077733,13.16615989,6.399965448,244437,14.34288935,8.761088894,3.61,1589993
Rwanda,0.1,4.8,5.543992143,0.07942347135,649.7397021,11.18767734,76.24645318,9.377898103,-23051,35.81545959,365.8815971,89.25,822
Samoa,22.3,91.13897705,0.3357758681,0.9494979483,302.1852767,59.6819788,14.8409894,6.639203613,-4040,11.55631281,66.65229682,48.89,5786.642857
Sao Tome and Principe,0.6,55.75134659,2.805421745,0.4948045522,265.9574468,60.65625,35.41666667,6.61462475,-1023,34.46843181,168.4166667,47.94,7651.214286
Saudi Arabia,100,100,15.74710546,12.92310028,5022.966275,0.4544841349,80.81025636,5.573850122,481349,60.18568335,11.34937782,0.01,381373.9286
Senegal,37.6,47.1,0.04334309756,0.5163268243,254.38614,44.98343115,45.58250662,4.310238526,-41857,56.80914644,56.99920532,40.32,72
Serbia,62.6,99.69072165,3.4765027,6.811809371,2159.573829,37.97217623,27.1294622,5.530347121,351,31.3759518,403.0796564,16.1,1551
Seychelles,100,95.50894165,0.08998931383,4.609090251,2751.695672,73.26086957,8.695652174,9.005761737,251,15.8964359,180.126087,0.94,9408.5
Sierra Leone,0.3,11.33248552,10.06340356,0.07856304064,1095.793998,39.21855085,52.8126905,4.35349995,-1805,49.70736055,78.73834857,88.11,6872
Singapore,100,100,0.000531538391,8.650599822,5055.96632,25.22046444,1.103047896,7.366322393,80422,16.01396045,6191.236575,0.54,82
Slovak Republic,100,99.93209839,0.02058224917,7.16912035,3504.475593,39.7018711,40.35343035,6.623461259,-219,22.19434728,111.7007692,6.31,27674
Slovenia,100,100,0.1190599085,7.956364342,3645.837437,61.56901688,25.27308838,3.797972642,8289,21.12988842,99.32840119,18.58,1951
Solomon Islands,8.3,19.23869514,1.752923165,0.6107949246,120.2107419,90.53018935,3.251161129,7.357841934,-2800,11.02061012,17.23779921,49.7,6549
Somalia,0.6,14.97909451,4.486016837,0.05546802363,1657.131665,11.3674403,70.33825358,3.620941766,-5955,26.5204689,16.68519782,93.3,272
South Africa,66.9,80.8,2.665530929,7.704297845,2616.447057,14.50518098,80.35924787,5.277051973,31424,27.03090776,40.4068511,9.89,104652
South Sudan,78.92857143,88.24690947,9.355796476,0.1190205411,5664.640766,33.25594845,23.86784447,5.136442166,132868,39.49592692,638.1676983,20.34571429,10566
Spain,100,100,0.003886390232,8.029197431,3251.397133,35.70425174,58.43435052,3.652084192,632974,12.34932779,87.4654972,7.3,48955
Sri Lanka,19.2,78.07408142,0.1030759398,0.7108109814,457.4926453,34.04592569,40.02551427,6.241748044,-36955,24.07469414,313.7277308,60.08,4682
St. Kitts and Nevis,100,96.49725342,2.843158521,4.35741038,1690.743713,42.30769231,19.23076923,9.732820703,-222,7.864959375,179.7115385,25.3,19
St. Lucia,92.1,90.08137512,0.009129371333,2.48570012,743.7147038,34.24590164,17.86885246,-0.4103047263,-88,19.86449855,271.1245902,18.44,54
St. Vincent and the Grenadines,95.9,86.1885376,0.01084190181,2.050105763,597.9847023,73.17948718,17.94871795,2.488557339,-1757,19.90198884,287.2897436,5.81,17
Sudan,18,30.47675896,6.015399814,0.3553078872,507.0569542,11.83108796,56.91077441,5.643515513,-10644,51.32188604,12.43290278,72.28,100
Suriname,82.3,94.85642242,8.877660408,3.268490179,1224.408198,98.20746795,0.4666666667,4.500000211,-1542,23.88703156,3.309102564,18.88,3512
Sweden,100,100,0.06768527794,5.546508738,5711.127283,69.02838098,7.85879697,2.85880324,39103,7.30670874,22.16717889,39.3,248560
Switzerland,100,100,0.00282792821,6.165119136,3488.218348,30.75728279,39.23487764,2.749698985,32421,13.06616084,188.1981564,18.73,2321
Syrian Arab Republic,98.9,92.00531769,4.235523359,3.079082223,1118.828597,2.517186904,75.32821267,6.215077835,13431,31.16942288,101.2341723,2.1,792
Tajikistan,54.3,99.3,0.2426213868,0.3566385175,337.7180013,2.929408402,33.38096599,6.699998517,-27949,32.78807708,49.50803801,63.73,29
Tanzania,0.8,13.7959013,0.5830795457,0.143510929,437.2026221,58.48951231,39.86701287,7.47631926,-128147,24.91499035,44.5241646,90.76,91583
Thailand,66.7,92.82519531,2.09609652,3.374235962,1504.153697,38.2381726,43.76675997,4.187638429,70281,35.32246182,128.8366576,20.11,84287
Timor-Leste,2.3,33.50081253,0.568877689,0.1864206918,59.83619326,63.35574983,22.39408204,2.984579638,-1481,16.77624805,65.18581036,43.61,1311
Togo,1.3,26.50247002,6.478331639,0.3060615096,415.2525117,23.04958632,64.717779,-4.666299382,-4438,43.52693562,105.0118956,77.22,2048
Tonga,47.3,89.01767731,0.02407418032,1.109501766,539.604101,12.43055556,41.66666667,0.08103389373,-1812,10.91209119,146.7125,2.15,2634.928571
Trinidad and Tobago,100,95,12.55114792,12.84078666,11771.60126,45.71734893,10.52631579,6.20893788,-3595,19.3594652,266.8762183,0.54,1229
Tunisia,97.8,99.2,3.018777972,2.265866436,800.3609622,4.361740474,63.23377961,3.486545543,-29303,31.66796588,66.86627188,14.18,633
Turkiye,92.7,99.67875671,0.1043661468,3.420478493,1225.702253,26.78652729,53.56210127,8.992304936,-23548,25.96758518,89.26979847,15.34,20411
Turkmenistan,99.7,99.53642273,34.09561084,10.35506138,3924.715936,8.782159045,74.22382057,13.03403487,-8252,21.93514106,10.39681442,0.08,31
Tuvalu,24.1,95.50363159,5.454405114,0.8575464084,1586.990429,33.33333333,56.66666667,-4.651162791,-10,5.857286137,330.4,0.02,8918.071429
Uganda,0.8,8.9,14.33594601,0.07242386799,686.0273637,14.79748261,66.3730544,6.332565116,-151432,36.4345178,139.8658125,94.11,29172
Ukraine,93.3,99.8855617,1.030393576,6.271184113,3033.182323,16.4468915,71.28999965,3.071230392,-4936,18.99706651,81.30272188,1.27,36558
United Arab Emirates,100,100,5.938717272,27.2025439,10394.30034,4.412348634,7.842861166,4.855141196,339380,43.18399077,60.27869614,0.11,378686
United Kingdom,100,100,0.7424815861,8.955400659,3686.359905,12.42714835,70.08638862,2.738842404,261300,13.33739937,249.6639772,1.35,8873
United States,100,100,0.9651255736,19.46927252,7846.499688,33.41308372,45.0712951,3.48322032,1129462,10.91341302,32.2548766,5.84,2691544
Uruguay,100,98.04740906,0.09545615481,1.632413158,891.3368288,8.856987773,84.74460062,7.46013213,-16092,9.082839158,18.95591932,41.32,15919
Uzbekistan,84.7,99.4496994,10.30851392,4.554977644,1799.40318,7.239962694,60.80775681,6.950007196,-33395,31.30170584,60.03684762,1.62,21
Vanuatu,14.7,31.02155304,0.6089203197,0.2830466108,137.8473754,36.28383921,15.01230517,5.305326473,-448,12.48759874,17.8533224,65.38,254
"Venezuela, RB",97.1,98.77675629,10.22764316,5.52610102,2111.261162,54.79054475,24.48273907,10.3179138,-18400,20.93139471,30.23500368,14.23,94967
Viet Nam,29.1,96.1,6.974663543,1.110972727,496.1595327,40.23206974,32.13846188,7.547247729,-144080,26.45818252,265.7680997,44.15,102211
"Yemen, Rep.",57.9,54.84929276,28.45554484,0.9899125595,308.96673,1.039831809,44.55366782,5.591748076,-51360,43.50002991,40.38235316,0.74,302505.3571
Zambia,15.7,23.28273582,9.691199909,0.1982815198,633.2742175,63.05573118,30.61919047,7.235599007,35351,26.10704001,15.55693512,88.68,57518
Zimbabwe,32,36.12142181,9.211080071,0.8553056246,786.6148298,46.88026367,41.61819827,-5.711083707,-164732,23.60684227,31.6007574,80.29,130286.7857